{"cameraMode":{"drawMode":0,"name":"Shaded","section":"Shading Mode"},"sceneLighting":true,"audioPlay":false,"sceneViewState":{"showFog":true,"showMaterialUpdate":true,"showSkybox":true,"showFlares":true,"showImageEffects":true,"showParticleSystems":true},"in2DMode":false,"pivot":{"x":61.34197235107422,"y":-1.6023178100585938,"z":-11.13742446899414},"rotation":{"x":0.07392054051160813,"y":-0.9158169031143189,"z":0.19837041199207307,"w":0.341268926858902},"size":70.07379913330078,"orthographic":false}